{
  "10": {
    "inputs": {
      "unet_name": "flux1-dev-fp8.safetensors",
      "weight_dtype": "fp8_e4m3fn"
    },
    "class_type": "UNETLoader",
    "_meta": {
      "title": "UNet加载器"
    }
  },
  "11": {
    "inputs": {
      "clip_name1": "clip_l.safetensors",
      "clip_name2": "t5xxl_fp8_e4m3fn.safetensors",
      "type": "flux",
      "device": "default"
    },
    "class_type": "DualCLIPLoader",
    "_meta": {
      "title": "双CLIP加载器"
    }
  },
  "17": {
    "inputs": {
      "text": "Perfect, realistic, authentic indoor photography, high-quality photos, top-notch lighting rendering",
      "speak_and_recognation": {
        "__value__": [
          false,
          true
        ]
      },
      "clip": [
        "11",
        0
      ]
    },
    "class_type": "CLIPTextEncode",
    "_meta": {
      "title": "CLIP文本编码"
    }
  },
  "19": {
    "inputs": {
      "vae_name": "ae.sft"
    },
    "class_type": "VAELoader",
    "_meta": {
      "title": "加载VAE"
    }
  },
  "20": {
    "inputs": {
      "samples": [
        "113",
        0
      ]
    },
    "class_type": "VAEDecode",
    "_meta": {
      "title": "VAE解码"
    }
  },
  "31": {
    "inputs": {
      "lora_name": "建筑室内景观城规\\lamo中古风的室内设计模型_v1.0.safetensors",
      "strength_model": 1
    },
    "class_type": "LoraLoaderModelOnly",
    "_meta": {
      "title": "LoRA加载器（仅模型）"
    }
  },
  "74": {
    "inputs": {
      "clip_l": "",
      "t5xxl": [
        "133",
        0
      ],
      "guidance": 3.5,
      "speak_and_recognation": {
        "__value__": [
          false,
          true
        ]
      },
      "clip": [
        "11",
        0
      ]
    },
    "class_type": "CLIPTextEncodeFlux",
    "_meta": {
      "title": "CLIP文本编码Flux"
    }
  },
  "99": {
    "inputs": {
      "model_name": "4x-UltraSharp.pth"
    },
    "class_type": "UpscaleModelLoader",
    "_meta": {
      "title": "加载放大模型"
    }
  },
  "100": {
    "inputs": {
      "filename_prefix": "ComfyUI",
      "images": [
        "130",
        0
      ]
    },
    "class_type": "SaveImage",
    "_meta": {
      "title": "保存图像"
    }
  },
  "113": {
    "inputs": {
      "sigmas": [
        "120",
        0
      ]
    },
    "class_type": "SamplerCustomAdvanced",
    "_meta": {
      "title": "自定义采样器（高级）"
    }
  },
  "114": {
    "inputs": {
      "noise_seed": 386489427635590
    },
    "class_type": "RandomNoise",
    "_meta": {
      "title": "随机噪波"
    }
  },
  "115": {
    "inputs": {
      "conditioning": [
        "17",
        0
      ]
    },
    "class_type": "BasicGuider",
    "_meta": {
      "title": "基本引导器"
    }
  },
  "119": {
    "inputs": {
      "sampler_name": "euler"
    },
    "class_type": "KSamplerSelect",
    "_meta": {
      "title": "K采样器选择"
    }
  },
  "120": {
    "inputs": {
      "scheduler": "normal",
      "steps": 40,
      "denoise": 0.1,
      "model": [
        "138",
        0
      ]
    },
    "class_type": "BasicScheduler",
    "_meta": {
      "title": "基本调度器"
    }
  },
  "122": {
    "inputs": {
      "pixels": [
        "139",
        0
      ]
    },
    "class_type": "VAEEncode",
    "_meta": {
      "title": "VAE编码"
    }
  },
  "127": {
    "inputs": {
      "image": "核心硬件评测.png"
    },
    "class_type": "LoadImage",
    "_meta": {
      "title": "加载图像"
    }
  },
  "130": {
    "inputs": {
      "upscale_by": 2.0000000000000004,
      "seed": 36641002740145,
      "steps": 30,
      "cfg": 8,
      "sampler_name": "euler",
      "scheduler": "normal",
      "denoise": 0.3,
      "mode_type": "Linear",
      "tile_width": 1024,
      "tile_height": 1024,
      "mask_blur": 8,
      "tile_padding": 32,
      "seam_fix_mode": "None",
      "seam_fix_denoise": 1,
      "seam_fix_width": 64,
      "seam_fix_mask_blur": 8,
      "seam_fix_padding": 16,
      "force_uniform_tiles": true,
      "tiled_decode": false,
      "positive": [
        "74",
        0
      ],
      "negative": [
        "74",
        0
      ],
      "upscale_model": [
        "99",
        0
      ]
    },
    "class_type": "UltimateSDUpscale",
    "_meta": {
      "title": "Ultimate SD Upscale"
    }
  },
  "133": {
    "inputs": {
      "action": "append",
      "tidy_tags": "yes",
      "text_a": "",
      "text_b": "",
      "text_c": "",
      "speak_and_recognation": {
        "__value__": [
          false,
          true
        ]
      }
    },
    "class_type": "StringFunction|pysssss",
    "_meta": {
      "title": "String Function 🐍"
    }
  },
  "134": {
    "inputs": {
      "rgthree_comparer": {
        "images": [
          {
            "name": "A",
            "selected": true,
            "url": "/api/view?filename=rgthree.compare._temp_ysuzl_00001_.png&type=temp&subfolder=&rand=0.7311588115879725"
          },
          {
            "name": "B",
            "selected": true,
            "url": "/api/view?filename=rgthree.compare._temp_ysuzl_00002_.png&type=temp&subfolder=&rand=0.6079631841694757"
          }
        ]
      },
      "image_a": [
        "130",
        0
      ],
      "image_b": [
        "139",
        0
      ]
    },
    "class_type": "Image Comparer (rgthree)",
    "_meta": {
      "title": "Image Comparer (rgthree)"
    }
  },
  "135": {
    "inputs": {
      "images": [
        "20",
        0
      ]
    },
    "class_type": "PreviewImage",
    "_meta": {
      "title": "预览图像"
    }
  },
  "136": {
    "inputs": {
      "lora_name": "建筑室内景观城规\\F.1--细节质感提升--F.1 DETAILER_V1.0.safetensors",
      "strength_model": 0.9,
      "model": [
        "31",
        0
      ]
    },
    "class_type": "LoraLoaderModelOnly",
    "_meta": {
      "title": "LoRA加载器（仅模型）"
    }
  },
  "137": {
    "inputs": {
      "lora_name": "建筑室内景观城规\\F.1 _ 高端大气上档次室内家具_V1.safetensors",
      "strength_model": 1,
      "model": [
        "136",
        0
      ]
    },
    "class_type": "LoraLoaderModelOnly",
    "_meta": {
      "title": "LoRA加载器（仅模型）"
    }
  },
  "138": {
    "inputs": {
      "lora_name": "建筑室内景观城规\\F.1- 光影氛围-室内背景_V1.safetensors",
      "strength_model": 0.7,
      "model": [
        "137",
        0
      ]
    },
    "class_type": "LoraLoaderModelOnly",
    "_meta": {
      "title": "LoRA加载器（仅模型）"
    }
  },
  "139": {
    "inputs": {
      "aspect_ratio": "original",
      "proportional_width": 1,
      "proportional_height": 1,
      "fit": "crop",
      "method": "lanczos",
      "round_to_multiple": "8",
      "scale_to_side": "longest",
      "scale_to_length": 1500,
      "background_color": "#000000",
      "image": [
        "127",
        0
      ]
    },
    "class_type": "LayerUtility: ImageScaleByAspectRatio V2",
    "_meta": {
      "title": "LayerUtility: ImageScaleByAspectRatio V2"
    }
  },
  "148": {
    "inputs": {
      "NOISE": [
        "114",
        0
      ],
      "SAMPLER": [
        "119",
        0
      ],
      "GUIDER": [
        "115",
        0
      ]
    },
    "class_type": "Anything Everywhere3",
    "_meta": {
      "title": "Anything Everywhere Triplet"
    }
  },
  "153": {
    "inputs": {
      "LATENT": [
        "122",
        0
      ],
      "VAE": [
        "19",
        0
      ]
    },
    "class_type": "Anything Everywhere3",
    "_meta": {
      "title": "Anything Everywhere Triplet"
    }
  },
  "156": {
    "inputs": {
      "IMAGE": [
        "20",
        0
      ]
    },
    "class_type": "Anything Everywhere",
    "_meta": {
      "title": "Anything Everywhere"
    }
  },
  "158": {
    "inputs": {
      "MODEL": [
        "10",
        0
      ]
    },
    "class_type": "Anything Everywhere",
    "_meta": {
      "title": "Anything Everywhere"
    }
  }
}