{
  "11": {
    "inputs": {
      "seed": 310902402382797,
      "steps": 30,
      "cfg": 1,
      "sampler_name": "euler",
      "scheduler": "normal",
      "denoise": 1,
      "model": [
        "13",
        0
      ],
      "positive": [
        "24",
        0
      ],
      "negative": [
        "24",
        1
      ],
      "latent_image": [
        "24",
        2
      ]
    },
    "class_type": "KSampler",
    "_meta": {
      "title": "K采样器"
    }
  },
  "12": {
    "inputs": {
      "unet_name": "flux1-fill-fp8_v10.safetensors",
      "weight_dtype": "fp8_e4m3fn"
    },
    "class_type": "UNETLoader",
    "_meta": {
      "title": "UNet加载器"
    }
  },
  "13": {
    "inputs": {
      "strength": 1,
      "model": [
        "12",
        0
      ]
    },
    "class_type": "DifferentialDiffusion",
    "_meta": {
      "title": "差异扩散DifferentialDiffusion"
    }
  },
  "14": {
    "inputs": {
      "clip_name1": "clip_l.safetensors",
      "clip_name2": "t5xxl_fp8_e4m3fn.safetensors",
      "type": "flux",
      "device": "default"
    },
    "class_type": "DualCLIPLoader",
    "_meta": {
      "title": "双CLIP加载器"
    }
  },
  "15": {
    "inputs": {
      "text": "",
      "speak_and_recognation": true,
      "clip": [
        "14",
        0
      ]
    },
    "class_type": "CLIPTextEncode",
    "_meta": {
      "title": "CLIP文本编码"
    }
  },
  "16": {
    "inputs": {
      "text": "",
      "speak_and_recognation": true,
      "clip": [
        "14",
        0
      ]
    },
    "class_type": "CLIPTextEncode",
    "_meta": {
      "title": "CLIP文本编码"
    }
  },
  "18": {
    "inputs": {
      "strength": 1,
      "strength_type": "multiply",
      "conditioning": [
        "15",
        0
      ],
      "style_model": [
        "19",
        0
      ],
      "clip_vision_output": [
        "20",
        0
      ]
    },
    "class_type": "StyleModelApply",
    "_meta": {
      "title": "应用风格模型"
    }
  },
  "19": {
    "inputs": {
      "style_model_name": "flux1-redux-dev.safetensors"
    },
    "class_type": "StyleModelLoader",
    "_meta": {
      "title": "加载风格模型"
    }
  },
  "20": {
    "inputs": {
      "crop": "center",
      "clip_vision": [
        "22",
        0
      ],
      "image": [
        "21",
        0
      ]
    },
    "class_type": "CLIPVisionEncode",
    "_meta": {
      "title": "CLIP视觉编码"
    }
  },
  "21": {
    "inputs": {
      "image": "屏幕截图 2025-04-27 013614.png"
    },
    "class_type": "LoadImage",
    "_meta": {
      "title": "加载图像"
    }
  },
  "22": {
    "inputs": {
      "clip_name": "sigclip_vision_patch14_384.safetensors"
    },
    "class_type": "CLIPVisionLoader",
    "_meta": {
      "title": "加载CLIP视觉"
    }
  },
  "23": {
    "inputs": {
      "guidance": 30,
      "conditioning": [
        "18",
        0
      ]
    },
    "class_type": "FluxGuidance",
    "_meta": {
      "title": "Flux引导"
    }
  },
  "24": {
    "inputs": {
      "noise_mask": false,
      "positive": [
        "23",
        0
      ],
      "negative": [
        "16",
        0
      ],
      "vae": [
        "25",
        0
      ],
      "pixels": [
        "33",
        0
      ],
      "mask": [
        "52",
        0
      ]
    },
    "class_type": "InpaintModelConditioning",
    "_meta": {
      "title": "内补模型条件"
    }
  },
  "25": {
    "inputs": {
      "vae_name": "ae.sft"
    },
    "class_type": "VAELoader",
    "_meta": {
      "title": "加载VAE"
    }
  },
  "26": {
    "inputs": {
      "image": "clipspace/clipspace-mask-1070521.5.png [input]"
    },
    "class_type": "LoadImage",
    "_meta": {
      "title": "加载图像"
    }
  },
  "27": {
    "inputs": {
      "samples": [
        "11",
        0
      ],
      "vae": [
        "25",
        0
      ]
    },
    "class_type": "VAEDecode",
    "_meta": {
      "title": "VAE解码"
    }
  },
  "33": {
    "inputs": {
      "direction": "right",
      "match_image_size": true,
      "image1": [
        "34",
        0
      ],
      "image2": [
        "38",
        0
      ]
    },
    "class_type": "ImageConcanate",
    "_meta": {
      "title": "Image Concatenate"
    }
  },
  "34": {
    "inputs": {
      "aspect_ratio": "original",
      "proportional_width": 1,
      "proportional_height": 1,
      "fit": "letterbox",
      "method": "lanczos",
      "round_to_multiple": "8",
      "scale_to_side": "height",
      "scale_to_length": [
        "37",
        0
      ],
      "background_color": "#000000",
      "image": [
        "21",
        0
      ]
    },
    "class_type": "LayerUtility: ImageScaleByAspectRatio V2",
    "_meta": {
      "title": "LayerUtility: ImageScaleByAspectRatio V2"
    }
  },
  "37": {
    "inputs": {
      "Number": "1024"
    },
    "class_type": "Int",
    "_meta": {
      "title": "Int"
    }
  },
  "38": {
    "inputs": {
      "aspect_ratio": "original",
      "proportional_width": 1,
      "proportional_height": 1,
      "fit": "letterbox",
      "method": "lanczos",
      "round_to_multiple": "8",
      "scale_to_side": "height",
      "scale_to_length": [
        "37",
        0
      ],
      "background_color": "#000000",
      "image": [
        "26",
        0
      ],
      "mask": [
        "26",
        1
      ]
    },
    "class_type": "LayerUtility: ImageScaleByAspectRatio V2",
    "_meta": {
      "title": "LayerUtility: ImageScaleByAspectRatio V2"
    }
  },
  "39": {
    "inputs": {
      "images": [
        "33",
        0
      ]
    },
    "class_type": "PreviewImage",
    "_meta": {
      "title": "预览图像"
    }
  },
  "42": {
    "inputs": {
      "mask": [
        "38",
        1
      ]
    },
    "class_type": "MaskPreview+",
    "_meta": {
      "title": "🔧 Mask Preview"
    }
  },
  "44": {
    "inputs": {
      "width": [
        "34",
        3
      ],
      "height": [
        "34",
        4
      ],
      "red": 0,
      "green": 0,
      "blue": 0
    },
    "class_type": "Image Blank",
    "_meta": {
      "title": "Image Blank"
    }
  },
  "45": {
    "inputs": {
      "images": [
        "44",
        0
      ]
    },
    "class_type": "PreviewImage",
    "_meta": {
      "title": "预览图像"
    }
  },
  "46": {
    "inputs": {
      "direction": "right",
      "match_image_size": true,
      "image1": [
        "44",
        0
      ],
      "image2": [
        "48",
        0
      ]
    },
    "class_type": "ImageConcanate",
    "_meta": {
      "title": "Image Concatenate"
    }
  },
  "48": {
    "inputs": {
      "mask": [
        "38",
        1
      ]
    },
    "class_type": "MaskToImage",
    "_meta": {
      "title": "遮罩转换为图像"
    }
  },
  "49": {
    "inputs": {
      "images": [
        "46",
        0
      ]
    },
    "class_type": "PreviewImage",
    "_meta": {
      "title": "预览图像"
    }
  },
  "52": {
    "inputs": {
      "channel": "red",
      "image": [
        "46",
        0
      ]
    },
    "class_type": "ImageToMask",
    "_meta": {
      "title": "图像转换为遮罩"
    }
  },
  "53": {
    "inputs": {
      "filename_prefix": "ComfyUI",
      "images": [
        "60",
        0
      ]
    },
    "class_type": "SaveImage",
    "_meta": {
      "title": "保存图像"
    }
  },
  "58": {
    "inputs": {
      "image": [
        "34",
        0
      ]
    },
    "class_type": "GetImageSize+",
    "_meta": {
      "title": "🔧 Get Image Size"
    }
  },
  "59": {
    "inputs": {
      "image": [
        "27",
        0
      ]
    },
    "class_type": "GetImageSize+",
    "_meta": {
      "title": "🔧 Get Image Size"
    }
  },
  "60": {
    "inputs": {
      "top": 0,
      "left": [
        "58",
        0
      ],
      "right": [
        "59",
        0
      ],
      "bottom": [
        "59",
        1
      ],
      "image": [
        "27",
        0
      ]
    },
    "class_type": "Image Crop Location",
    "_meta": {
      "title": "Image Crop Location"
    }
  }
}