{
  "19": {
    "inputs": {
      "image": "屏幕截图 2025-05-14 005341.png"
    },
    "class_type": "LoadImage",
    "_meta": {
      "title": "加载图像"
    }
  },
  "28": {
    "inputs": {
      "unet_name": "flux1-krea-dev_fp8_1.safetensors",
      "weight_dtype": "default"
    },
    "class_type": "UNETLoader",
    "_meta": {
      "title": "UNet加载器"
    }
  },
  "36": {
    "inputs": {
      "clip_name1": "clip_l.safetensors",
      "clip_name2": "t5xxl_fp8_e4m3fn.safetensors",
      "type": "flux",
      "device": "default"
    },
    "class_type": "DualCLIPLoader",
    "_meta": {
      "title": "双CLIP加载器"
    }
  },
  "40": {
    "inputs": {
      "vae_name": "ae.sft"
    },
    "class_type": "VAELoader",
    "_meta": {
      "title": "加载VAE"
    }
  },
  "125": {
    "inputs": {
      "text": [
        "139",
        2
      ],
      "speak_and_recognation": {
        "__value__": [
          false,
          true
        ]
      },
      "clip": [
        "36",
        0
      ]
    },
    "class_type": "CLIPTextEncode",
    "_meta": {
      "title": "CLIP文本编码"
    }
  },
  "126": {
    "inputs": {
      "text": " text, watermark",
      "speak_and_recognation": {
        "__value__": [
          false,
          true
        ]
      },
      "clip": [
        "36",
        0
      ]
    },
    "class_type": "CLIPTextEncode",
    "_meta": {
      "title": "CLIP文本编码"
    }
  },
  "135": {
    "inputs": {
      "anything": [
        "125",
        0
      ]
    },
    "class_type": "easy cleanGpuUsed",
    "_meta": {
      "title": "清理显存占用"
    }
  },
  "139": {
    "inputs": {
      "text_input": "",
      "task": "more_detailed_caption",
      "fill_mask": true,
      "keep_model_loaded": false,
      "max_new_tokens": 1024,
      "num_beams": 3,
      "do_sample": true,
      "output_mask_select": "",
      "seed": 780032127024081,
      "speak_and_recognation": {
        "__value__": [
          false,
          true
        ]
      },
      "image": [
        "142",
        0
      ],
      "florence2_model": [
        "140",
        0
      ]
    },
    "class_type": "Florence2Run",
    "_meta": {
      "title": "Florence2Run"
    }
  },
  "140": {
    "inputs": {
      "model": "Florence-2-base",
      "precision": "fp16",
      "attention": "sdpa"
    },
    "class_type": "Florence2ModelLoader",
    "_meta": {
      "title": "Florence2ModelLoader"
    }
  },
  "141": {
    "inputs": {
      "text": [
        "139",
        2
      ]
    },
    "class_type": "ShowText|pysssss",
    "_meta": {
      "title": "Show Text 🐍"
    }
  },
  "142": {
    "inputs": {
      "max_width": 2000,
      "max_height": 2000,
      "min_width": 0,
      "min_height": 0,
      "crop_if_required": "no",
      "images": [
        "19",
        0
      ]
    },
    "class_type": "ConstrainImage|pysssss",
    "_meta": {
      "title": "Constrain Image 🐍"
    }
  },
  "144": {
    "inputs": {
      "rgthree_comparer": {
        "images": [
          {
            "name": "A",
            "selected": true,
            "url": "/api/view?filename=rgthree.compare._temp_fqzpx_00011_.png&type=temp&subfolder=&rand=0.3968938845304213"
          },
          {
            "name": "B",
            "selected": true,
            "url": "/api/view?filename=rgthree.compare._temp_fqzpx_00012_.png&type=temp&subfolder=&rand=0.6210097845721885"
          }
        ]
      },
      "image_a": [
        "142",
        0
      ],
      "image_b": [
        "152",
        0
      ]
    },
    "class_type": "Image Comparer (rgthree)",
    "_meta": {
      "title": "Image Comparer (rgthree)"
    }
  },
  "145": {
    "inputs": {
      "upscale_by": 1.5,
      "seed": 301797968126109,
      "steps": 20,
      "cfg": 8,
      "sampler_name": "euler",
      "scheduler": "simple",
      "denoise": 0.2,
      "mode_type": "Linear",
      "tile_width": 1024,
      "tile_height": 1024,
      "mask_blur": 8,
      "tile_padding": 32,
      "seam_fix_mode": "None",
      "seam_fix_denoise": 1,
      "seam_fix_width": 64,
      "seam_fix_mask_blur": 8,
      "seam_fix_padding": 16,
      "force_uniform_tiles": true,
      "tiled_decode": false,
      "image": [
        "142",
        0
      ],
      "model": [
        "28",
        0
      ],
      "positive": [
        "125",
        0
      ],
      "negative": [
        "126",
        0
      ],
      "vae": [
        "40",
        0
      ],
      "upscale_model": [
        "146",
        0
      ]
    },
    "class_type": "UltimateSDUpscale",
    "_meta": {
      "title": "Ultimate SD Upscale"
    }
  },
  "146": {
    "inputs": {
      "model_name": "4x-UltraSharp.pth"
    },
    "class_type": "UpscaleModelLoader",
    "_meta": {
      "title": "加载放大模型"
    }
  },
  "151": {
    "inputs": {
      "images": [
        "145",
        0
      ]
    },
    "class_type": "PreviewImage",
    "_meta": {
      "title": "预览图像"
    }
  },
  "152": {
    "inputs": {
      "brightness": 0.020000000000000004,
      "contrast": 0.9900000000000002,
      "saturation": 1.0400000000000003,
      "sharpness": 1.0500000000000003,
      "blur": 0,
      "gaussian_blur": 0,
      "edge_enhance": 0,
      "detail_enhance": "true",
      "image": [
        "157",
        0
      ]
    },
    "class_type": "Image Filter Adjustments",
    "_meta": {
      "title": "Image Filter Adjustments"
    }
  },
  "155": {
    "inputs": {
      "rgthree_comparer": {
        "images": [
          {
            "name": "A",
            "selected": true,
            "url": "/api/view?filename=rgthree.compare._temp_yjsgl_00007_.png&type=temp&subfolder=&rand=0.07221053965025259"
          },
          {
            "name": "B",
            "selected": true,
            "url": "/api/view?filename=rgthree.compare._temp_yjsgl_00008_.png&type=temp&subfolder=&rand=0.15729828400601475"
          }
        ]
      },
      "image_a": [
        "152",
        0
      ],
      "image_b": [
        "152",
        0
      ]
    },
    "class_type": "Image Comparer (rgthree)",
    "_meta": {
      "title": "Image Comparer (rgthree)"
    }
  },
  "156": {
    "inputs": {
      "black_level": 8,
      "mid_level": 127.5,
      "white_level": 255,
      "image": [
        "145",
        0
      ]
    },
    "class_type": "Image Levels Adjustment",
    "_meta": {
      "title": "Image Levels Adjustment"
    }
  },
  "157": {
    "inputs": {
      "sharpen_radius": 1,
      "sigma": 0.4200000000000001,
      "alpha": 0.7800000000000001,
      "image": [
        "156",
        0
      ]
    },
    "class_type": "ImageSharpen",
    "_meta": {
      "title": "锐化图像"
    }
  },
  "159": {
    "inputs": {
      "filename_prefix": "ComfyUI",
      "images": [
        "152",
        0
      ]
    },
    "class_type": "SaveImage",
    "_meta": {
      "title": "保存图像"
    }
  }
}