{
  "38": {
    "inputs": {
      "rgthree_comparer": {
        "images": [
          {
            "name": "A",
            "selected": true,
            "url": "/api/view?filename=rgthree.compare._temp_slprq_00001_.png&type=temp&subfolder=&rand=0.2639855800742734"
          },
          {
            "name": "B",
            "selected": true,
            "url": "/api/view?filename=rgthree.compare._temp_slprq_00002_.png&type=temp&subfolder=&rand=0.20835471817389506"
          }
        ]
      },
      "image_a": [
        "41",
        0
      ],
      "image_b": [
        "53",
        0
      ]
    },
    "class_type": "Image Comparer (rgthree)",
    "_meta": {
      "title": "Image Comparer (rgthree)"
    }
  },
  "39": {
    "inputs": {
      "clip_name1": "clip_l.safetensors",
      "clip_name2": "t5xxl_fp8_e4m3fn.safetensors",
      "type": "flux",
      "device": "default"
    },
    "class_type": "DualCLIPLoader",
    "_meta": {
      "title": "双CLIP加载器"
    }
  },
  "40": {
    "inputs": {
      "text": "",
      "speak_and_recognation": {
        "__value__": [
          false,
          true
        ]
      },
      "clip": [
        "39",
        0
      ]
    },
    "class_type": "CLIPTextEncode",
    "_meta": {
      "title": "CLIP文本编码"
    }
  },
  "41": {
    "inputs": {
      "image": "核心硬件评测.png"
    },
    "class_type": "LoadImage",
    "_meta": {
      "title": "加载图像"
    }
  },
  "42": {
    "inputs": {
      "upscale_by": 2,
      "seed": 290359346011221,
      "steps": 5,
      "cfg": 1,
      "sampler_name": "euler",
      "scheduler": "normal",
      "denoise": 0.2,
      "mode_type": "Linear",
      "tile_width": 1024,
      "tile_height": 1024,
      "mask_blur": 8,
      "tile_padding": 32,
      "seam_fix_mode": "None",
      "seam_fix_denoise": 1,
      "seam_fix_width": 64,
      "seam_fix_mask_blur": 8,
      "seam_fix_padding": 16,
      "force_uniform_tiles": true,
      "tiled_decode": false,
      "image": [
        "41",
        0
      ],
      "model": [
        "58",
        0
      ],
      "positive": [
        "44",
        0
      ],
      "negative": [
        "40",
        0
      ],
      "vae": [
        "47",
        0
      ],
      "upscale_model": [
        "52",
        0
      ]
    },
    "class_type": "UltimateSDUpscale",
    "_meta": {
      "title": "Ultimate SD Upscale"
    }
  },
  "44": {
    "inputs": {
      "clip_l": "",
      "t5xxl": [
        "56",
        0
      ],
      "guidance": 3.5,
      "speak_and_recognation": {
        "__value__": [
          false,
          true
        ]
      },
      "clip": [
        "39",
        0
      ]
    },
    "class_type": "CLIPTextEncodeFlux",
    "_meta": {
      "title": "CLIP文本编码Flux"
    }
  },
  "47": {
    "inputs": {
      "vae_name": "ae.sft"
    },
    "class_type": "VAELoader",
    "_meta": {
      "title": "加载VAE"
    }
  },
  "48": {
    "inputs": {
      "text": [
        "59",
        2
      ]
    },
    "class_type": "ShowText|pysssss",
    "_meta": {
      "title": "Show Text 🐍"
    }
  },
  "49": {
    "inputs": {
      "images": [
        "53",
        0
      ]
    },
    "class_type": "PreviewImage",
    "_meta": {
      "title": "预览图像"
    }
  },
  "50": {
    "inputs": {
      "sharpen_radius": 1,
      "sigma": 0.3,
      "alpha": 1,
      "image": [
        "51",
        0
      ]
    },
    "class_type": "ImageSharpen",
    "_meta": {
      "title": "锐化图像"
    }
  },
  "51": {
    "inputs": {
      "black_level": 8,
      "mid_level": 127.5,
      "white_level": 255,
      "image": [
        "42",
        0
      ]
    },
    "class_type": "Image Levels Adjustment",
    "_meta": {
      "title": "Image Levels Adjustment"
    }
  },
  "52": {
    "inputs": {
      "model_name": "4x-UltraSharp.pth"
    },
    "class_type": "UpscaleModelLoader",
    "_meta": {
      "title": "加载放大模型"
    }
  },
  "53": {
    "inputs": {
      "brightness": 0,
      "contrast": 1.0000000000000002,
      "saturation": 1,
      "sharpness": 1,
      "blur": 0,
      "gaussian_blur": 0,
      "edge_enhance": 0,
      "detail_enhance": "true",
      "image": [
        "50",
        0
      ]
    },
    "class_type": "Image Filter Adjustments",
    "_meta": {
      "title": "Image Filter Adjustments"
    }
  },
  "56": {
    "inputs": {
      "text_1": [
        "59",
        2
      ],
      "text_2": [
        "62",
        0
      ],
      "text_3": "",
      "text_4": ""
    },
    "class_type": "LayerUtility: TextJoin",
    "_meta": {
      "title": "LayerUtility: TextJoin"
    }
  },
  "58": {
    "inputs": {
      "unet_name": "flux1-dev-fp8.safetensors",
      "weight_dtype": "default"
    },
    "class_type": "UNETLoader",
    "_meta": {
      "title": "UNet加载器"
    }
  },
  "59": {
    "inputs": {
      "text_input": "",
      "task": "detailed_caption",
      "fill_mask": true,
      "keep_model_loaded": false,
      "max_new_tokens": 1024,
      "num_beams": 3,
      "do_sample": true,
      "output_mask_select": "",
      "seed": 347303321119105,
      "speak_and_recognation": {
        "__value__": [
          false,
          true
        ]
      },
      "image": [
        "41",
        0
      ],
      "florence2_model": [
        "63",
        0
      ]
    },
    "class_type": "Florence2Run",
    "_meta": {
      "title": "Florence2Run"
    }
  },
  "62": {
    "inputs": {
      "text": "",
      "speak_and_recognation": {
        "__value__": [
          false,
          true
        ]
      }
    },
    "class_type": "CR Text",
    "_meta": {
      "title": "🔤 CR Text"
    }
  },
  "63": {
    "inputs": {
      "model": "Florence-2-base",
      "precision": "fp16",
      "attention": "sdpa"
    },
    "class_type": "Florence2ModelLoader",
    "_meta": {
      "title": "Florence2ModelLoader"
    }
  }
}